{"cameraMode":{"drawMode":0,"name":"Shaded","section":"Shading Mode"},"sceneLighting":false,"audioPlay":false,"sceneViewState":{"showFog":true,"showMaterialUpdate":true,"showSkybox":false,"showFlares":true,"showImageEffects":true,"showParticleSystems":true},"in2DMode":false,"pivot":{"x":5.5618696212768559,"y":0.8545888662338257,"z":-0.41486120223999026},"rotation":{"x":-0.11574552208185196,"y":-0.29477402567863467,"z":0.03599948063492775,"w":-0.9478800296783447},"size":5.926323413848877,"orthographic":false}