{"cameraMode":{"drawMode":0,"name":"Shaded","section":"Shading Mode"},"sceneLighting":true,"audioPlay":false,"sceneViewState":{"showFog":true,"showMaterialUpdate":true,"showSkybox":false,"showFlares":true,"showImageEffects":true,"showParticleSystems":true},"in2DMode":false,"pivot":{"x":-5.327407360076904,"y":0.5168228149414063,"z":0.9365376830101013},"rotation":{"x":-0.1236167773604393,"y":-0.7207714915275574,"z":0.13317981362342835,"w":-0.6690405607223511},"size":7.4944233894348148,"orthographic":false}