{"cameraMode":{"drawMode":0,"name":"Shaded","section":"Shading Mode"},"sceneLighting":false,"audioPlay":false,"sceneViewState":{"showFog":true,"showMaterialUpdate":true,"showSkybox":false,"showFlares":true,"showImageEffects":true,"showParticleSystems":true},"in2DMode":false,"pivot":{"x":0.016632080078125,"y":0.8653172254562378,"z":0.0},"rotation":{"x":-0.04734473675489426,"y":-0.3566100299358368,"z":0.018114566802978517,"w":-0.9329516887664795},"size":3.7754273414611818,"orthographic":false}