{"cameraMode":{"drawMode":0,"name":"Shaded","section":"Shading Mode"},"sceneLighting":false,"audioPlay":false,"sceneViewState":{"showFog":true,"showMaterialUpdate":true,"showSkybox":false,"showFlares":true,"showImageEffects":true,"showParticleSystems":true},"in2DMode":false,"pivot":{"x":-2.0107905864715578,"y":-0.01579250767827034,"z":-3.2616820335388185},"rotation":{"x":-0.021604619920253755,"y":0.9777487516403198,"z":-0.16462811827659608,"w":-0.1283249855041504},"size":7.706731796264648,"orthographic":false}